date,open,high,low,close,adj close,volume,TP,std,MA-TP,BOLU,BOLD
2020-01-02,158.779999,160.729996,158.330002,160.619995,157.289886,22622100,159.893331,,,,
2020-01-03,158.320007,159.949997,158.059998,158.619995,155.331345,21116200,158.8766633333333,,,,
2020-01-06,157.080002,159.100006,156.509995,159.029999,155.732819,20813700,158.21333333333334,,,,
2020-01-07,159.320007,159.669998,157.320007,157.580002,154.312927,21634100,158.19000233333335,,,,
2020-01-08,158.929993,160.800003,157.949997,160.089996,156.770874,27746500,159.61333199999999,,,,
2020-01-09,161.839996,162.220001,161.029999,162.089996,158.729401,21385000,161.77999866666667,,,,
2020-01-10,162.820007,163.220001,161.179993,161.339996,157.994949,20725900,161.91333,,,,
2020-01-13,161.759995,163.309998,161.259995,163.279999,159.89473,21626500,162.616664,,,,
2020-01-14,163.389999,163.600006,161.720001,162.130005,158.768585,23477400,162.48333733333334,,,,
2020-01-15,162.619995,163.940002,162.570007,163.179993,159.796814,21417900,163.23000066666665,,,,
2020-01-16,164.350006,166.240005,164.029999,166.169998,162.724808,23865400,165.48000066666665,,,,
2020-01-17,167.419998,167.470001,165.429993,167.100006,163.635529,34371700,166.66666666666666,,,,
2020-01-21,166.679993,168.190002,166.429993,166.5,163.047943,29517200,167.03999833333333,,,,
2020-01-22,167.399994,167.490005,165.679993,165.699997,162.264557,24138800,166.28999833333333,,,,
2020-01-23,166.190002,166.800003,165.270004,166.720001,163.263397,19680800,166.263336,,,,
2020-01-24,167.509995,167.529999,164.449997,165.039993,161.61824,24918100,165.67332966666666,,,,
2020-01-27,161.149994,163.380005,160.199997,162.279999,158.915451,32078100,161.95333366666668,,,,
2020-01-28,163.779999,165.759995,163.070007,165.460007,162.029556,24899900,164.76333633333334,,,,
2020-01-29,167.839996,168.75,165.690002,168.039993,164.556046,34754500,167.49333166666668,,,,
2020-01-30,174.050003,174.050003,170.789993,172.779999,169.197754,51597500,172.53999833333333,3.707953504866334,163.54866611666665,176.5265033836988,150.5708288496345
2020-01-31,172.210007,172.399994,169.580002,170.229996,166.700607,36142700,170.73666400000002,3.9313611538564794,164.09083276666667,177.85059680516434,150.331068728169
2020-02-03,170.429993,174.5,170.399994,174.380005,170.764603,30107000,173.093333,4.214062751950059,164.80166625,179.55088588182522,150.0524466181748
2020-02-04,177.139999,180.639999,176.309998,180.119995,176.385605,36433300,179.02333066666665,4.997920522202817,165.84216611666665,183.3348879443765,148.3494442889568
2020-02-05,184.029999,184.199997,178.410004,179.899994,176.170135,39186300,180.83666499999995,5.69043889287479,166.97449924999998,186.89103537506173,147.05796312493823
2020-02-06,180.970001,183.820007,180.059998,183.630005,179.82283,27751400,182.50333666666668,6.390787751567388,168.1189994833333,190.48675661381918,145.75124235284744
2020-02-07,182.850006,185.630005,182.479996,183.889999,180.077423,33529100,184.0,7.12053374965702,169.22999954999997,194.15186767379953,144.30813142620042
2020-02-10,183.580002,188.839996,183.25,188.699997,184.787704,35844300,186.92999766666665,7.9200033681843225,170.48083293333332,198.20084472197846,142.76082114468818
2020-02-11,190.649994,190.699997,183.5,184.440002,180.616043,53159900,186.213333,8.428113604353396,171.6606663833333,201.1590639985702,142.16226876809642
2020-02-12,185.580002,185.850006,181.850006,184.710007,180.880463,47062900,184.136673,8.576629521285446,172.74333316666667,202.76153649116574,142.7251298421676
2020-02-13,183.080002,186.229996,182.869995,183.710007,179.901169,35295800,184.26999933333332,8.638467716922294,173.79533310000002,204.02997010922806,143.56069609077198
2020-02-14,183.25,185.410004,182.649994,185.350006,181.507156,23149500,184.47000133333333,8.719645537154506,174.74483313333332,205.26359251337408,144.22607375329255
2020-02-18,185.610001,187.699997,185.5,187.229996,183.34819,27792200,186.80999766666665,8.89895286608485,175.75199968333334,206.89833471463032,144.60566465203635
2020-02-19,188.059998,188.179993,186.470001,187.279999,183.898056,29997500,187.30999766666665,9.008126700388699,176.76549964999998,208.2939431013604,145.23705619863955
2020-02-20,186.949997,187.25,181.100006,184.419998,181.089737,36862400,184.256668,8.801979444904356,177.66383313333333,208.47076119049856,146.8569050761681
2020-02-21,183.169998,183.5,177.25,178.589996,175.36499,48572600,179.77999866666667,8.389824080763297,178.33966626666665,207.7040505493382,148.9752819839951
2020-02-24,167.770004,174.550003,163.229996,170.889999,167.804047,68311100,169.556666,8.121915802589912,178.53383308333332,206.960538392398,150.10712777426863
2020-02-25,174.199997,174.839996,167.649994,168.070007,165.034958,68073300,170.1866656666667,7.415196576048904,178.94549968333334,204.8986876995045,152.99231166716217
2020-02-26,169.710007,173.259995,168.210007,170.169998,167.097031,56206100,170.54666666666665,6.9299197163878645,179.23466620000002,203.48938520735754,154.9799471926425
2020-02-27,163.320007,167.029999,157.979996,158.179993,155.323547,93174900,161.06332933333331,7.618271867286694,178.91316608333332,205.57711761883675,152.2492145478299
2020-02-28,152.410004,163.710007,152.0,162.009995,159.084381,97012700,159.24000066666667,8.706606481587388,178.2481662,208.72128888555585,147.77504351444412
2020-03-02,165.309998,172.919998,162.309998,172.789993,169.669724,71030800,169.33999633333335,8.775354912970752,178.17833281666668,208.8920750120643,147.46459062126905
2020-03-03,173.800003,175.0,162.259995,164.509995,161.53923,71677000,167.25666333333334,9.046233670054088,177.88649933333335,209.54831717852267,146.22468148814403
2020-03-04,168.490005,170.699997,165.619995,170.550003,167.470184,49814400,168.956665,9.257245232247167,177.38316605,209.78352436286508,144.98280773713492
2020-03-05,166.050003,170.869995,165.690002,166.270004,163.267487,47817300,167.61000033333335,9.467607035868346,176.72183281666668,209.8584574422059,143.58520819112746
2020-03-06,162.610001,163.110001,156.0,161.570007,158.652344,72821100,160.22666933333335,10.044449142442554,175.60799945000002,210.76357144854896,140.4524274514511
2020-03-09,151.0,157.75,150.0,150.619995,147.90007,70419300,152.78999833333333,11.04645812360477,174.04749936666667,212.71010279928336,135.38489593404998
2020-03-10,158.160004,161.029999,152.580002,160.919998,158.014069,65354400,158.17666633333332,11.152170853196315,172.6098328,211.6424307861871,133.57723481381288
2020-03-11,157.130005,157.699997,151.149994,153.630005,150.855713,56371600,154.15999866666667,11.394868951004222,171.00716608333332,210.88920741184808,131.12512475481856
2020-03-12,145.300003,153.470001,138.580002,139.059998,136.548828,93226400,143.70333366666668,12.478171036867463,168.98549911666666,212.65909774570278,125.31190048763054
2020-03-13,147.5,161.910004,140.729996,158.830002,155.961823,92727400,153.82333400000002,12.372115567586965,167.46316585,210.7655703365544,124.16076136344562
2020-03-16,140.0,149.350006,135.0,135.419998,132.974564,87905900,139.92333466666665,13.13553877970714,165.23583251666668,211.21021824564167,119.26144678769168
2020-03-17,140.0,147.5,135.0,146.570007,143.923187,81059800,143.02333566666667,12.998769228311968,163.04649941666668,208.54219171575858,117.55080711757479
2020-03-18,138.0,146.0,135.020004,140.399994,137.864639,81593200,140.47333266666666,12.610644789113556,160.70466616666664,204.8419229285641,116.5674094047692
2020-03-19,142.770004,150.149994,139.0,142.710007,140.132919,85922700,143.95333366666668,11.846010410339899,158.68949945,200.15053588618963,117.22846301381036
2020-03-20,146.0,147.100006,135.860001,137.350006,134.869705,84866200,140.10333766666668,11.44358167942171,156.7056664,196.758202277976,116.65313052202403
2020-03-23,137.009995,140.570007,132.520004,135.979996,133.524429,78975200,136.356669,11.880938262267309,155.04566655000002,196.6289504679356,113.46238263206445
2020-03-24,143.75,149.600006,141.270004,148.339996,145.66127,82516700,146.40333533333333,11.468801801236323,153.85650003333333,193.99730633766046,113.7156937290062
2020-03-25,148.910004,154.330002,144.440002,146.919998,144.266891,75638200,148.56333400000003,10.820126176460834,152.7573334,190.62777501761292,114.88689178238707
2020-03-26,148.399994,156.660004,148.369995,156.110001,153.290955,64568100,153.71333333333334,10.646597490535624,152.38983360000003,189.6529248168747,115.12674238312535
2020-03-27,151.75,154.889999,149.199997,149.699997,146.996689,57042300,151.263331,10.525191786481454,151.99100011666667,188.82917136935174,115.15282886398158
2020-03-30,152.440002,160.600006,150.009995,160.229996,157.336533,63420300,156.9466656666667,9.78910457646124,151.37133358333332,185.63319960094765,117.10946756571899
2020-03-31,159.399994,164.779999,156.559998,157.710007,154.862061,77927200,159.68333466666664,9.275271864812389,150.99266715000002,183.45611867684337,118.52921562315666
2020-04-01,153.0,157.75,150.820007,152.110001,149.363174,57969900,153.5600026666667,8.292722959278112,150.22283403333333,179.24736439080672,121.19830367585993
2020-04-02,151.860001,155.479996,150.360001,155.259995,152.456284,49630700,153.69999733333336,7.279092377652011,149.52733388333334,175.00415720511538,124.0505105615513
2020-04-03,155.100006,157.380005,152.190002,153.830002,151.052124,41243300,154.46666966666666,6.93951655416978,149.2393339,173.52764183959422,124.95102596040576
2020-04-06,160.320007,166.5,157.580002,165.270004,162.285507,67111700,163.11666866666667,7.572881348343399,149.75566741666665,176.26075213586856,123.25058269746475
2020-04-07,169.589996,170.0,163.259995,163.490005,160.537689,62769000,165.58333333333334,8.164367240181164,150.12600076666666,178.70128610730075,121.55071542603258
2020-04-08,165.669998,166.669998,163.5,165.130005,162.148056,48318200,165.100001,8.79127653025345,150.67300088333332,181.4424687392204,119.90353302744624
2020-04-09,166.360001,167.369995,163.330002,165.139999,162.157867,51385100,165.27999866666667,9.205132484541977,151.75183413333335,183.96979782923026,119.53387043743643
2020-04-13,164.350006,165.570007,162.300003,165.509995,162.521179,41905300,164.46000166666667,9.628642284205299,152.28366751666667,185.98391551138522,118.58341952194812
2020-04-14,169.0,173.75,168.0,173.699997,170.563309,52874300,171.81666566666664,10.103165874219473,153.8783340666667,189.23941462643484,118.51725350689854
2020-04-15,171.199997,173.570007,169.240005,171.880005,168.776169,40940800,171.563339,10.49713512965009,155.30533423333333,192.04530718710865,118.565361279558
2020-04-16,174.300003,177.279999,172.899994,177.039993,173.842972,50479600,175.73999533333333,10.83125910377378,157.0686673666667,194.97807422987492,119.15926050345846
2020-04-17,179.5,180.0,175.869995,178.600006,175.374832,52765600,178.156667,11.339742992553393,158.77883403333334,198.46793450727023,119.08973355939646
2020-04-20,176.630005,178.75,174.990005,175.059998,171.898727,36669600,176.26666766666668,11.085472927303083,160.5870005333333,199.3861557788941,121.78784528777251
2020-04-21,173.5,173.669998,166.110001,167.820007,164.789474,56203700,169.200002,9.646398543496682,162.22916718333335,195.99156208557173,128.46677228109496
2020-04-22,171.389999,174.0,170.820007,173.520004,170.386551,34620200,172.78000366666666,9.159647940472802,163.5480006,195.60676839165478,131.4892328083452
2020-04-23,174.110001,175.059998,170.910004,171.419998,168.324478,32790800,172.46333333333334,8.64646652411736,164.74300056666667,195.00563340107743,134.4803677322559
2020-04-24,172.059998,174.559998,170.710007,174.550003,171.397949,34277600,173.27333599999997,8.436916566376818,165.7210007,195.25020868231886,136.19179271768112
2020-04-27,176.589996,176.899994,173.300003,174.050003,170.906967,33194400,174.75,7.938470938482134,166.89533415,194.67998243468747,139.11068586531252
2020-04-28,175.589996,175.669998,169.389999,169.809998,166.743561,34392700,171.62333166666667,7.643279902405966,167.62916745,194.3806471084209,140.87768779157912
2020-04-29,173.220001,177.679993,171.880005,177.429993,174.225937,51286600,175.66333033333333,7.604078985732215,168.42816723333334,195.0424436833961,141.81389078327058
2020-04-30,180.0,180.399994,176.229996,179.210007,175.973801,53875900,178.61333233333335,7.070733347536255,169.68083371666665,194.42840043304355,144.93326700028976
2020-05-01,175.800003,178.639999,174.009995,174.570007,171.417618,39370500,175.74000033333334,6.09982058982459,170.78283386666666,192.13220593105274,149.4334618022806
2020-05-04,174.490005,179.0,173.800003,178.839996,175.610489,30372900,177.213333,4.900118062999479,171.92016703333334,189.0705802538315,154.76975381283518
2020-05-05,180.619995,183.649994,179.899994,180.759995,177.495804,36839200,181.436661,4.880104353750323,172.83616665000002,189.91653188812614,155.7558014118739
2020-05-06,182.080002,184.199997,181.630005,182.539993,179.243652,32139300,182.78999833333333,5.048004606335094,173.6964999,191.36451602217284,156.02848377782715
2020-05-07,184.169998,184.550003,182.580002,183.600006,180.284531,28316000,183.57667033333337,5.082546339537445,174.62033336666667,192.40924555504773,156.8314211782856
2020-05-08,184.979996,185.0,183.360001,184.679993,181.345016,30877800,184.34666466666667,5.026226214404188,175.57366666666667,193.1654584170813,157.98187491625202
2020-05-11,183.149994,187.509995,182.850006,186.740005,183.367813,30892700,185.700002,4.7929130031075635,176.63566668333334,193.4108621942098,159.86047117245687
2020-05-12,186.800003,187.039993,182.300003,182.509995,179.214203,32038200,183.94999700000002,4.917123981675726,177.24233325,194.45226718586503,160.03239931413498
2020-05-13,182.550003,184.050003,176.539993,179.75,176.504059,44711500,180.11333199999999,4.766774236912724,177.66983290000002,194.35354272919454,160.9861230708055
2020-05-14,177.539993,180.690002,175.679993,180.529999,177.269958,41873900,178.96666466666667,4.752603307308673,177.83116636666665,194.465277942247,161.1970547910863
2020-05-15,179.059998,187.059998,177.0,183.160004,179.852478,46610400,182.40666733333333,4.861685104376358,178.04366638333335,195.0595642486506,161.0277685180161
2020-05-18,185.75,186.199997,183.960007,184.910004,181.570877,35264500,185.02333599999997,5.082517820570745,178.4814998,196.2703121719976,160.6926874280024
2020-05-19,185.029999,186.600006,183.490005,183.630005,180.31398,26799100,184.57333866666667,4.75701745283329,179.25016663333332,195.89972771824984,162.6006055484168
2020-05-20,184.809998,185.850006,183.940002,185.660004,182.815079,31261300,185.150004,4.674957430767081,179.86866665,196.2310176576848,163.5063156423152
2020-05-21,185.399994,186.669998,183.289993,183.429993,180.619232,29119500,184.46332800000002,4.438594315181366,180.46866638333333,196.00374648646812,164.93358628019854
2020-05-22,183.190002,184.460007,182.539993,183.509995,180.698029,20826900,183.50333166666667,4.145543224450675,180.98016616666666,195.48956745224402,166.4707648810893
2020-05-26,186.339996,186.5,181.100006,181.570007,178.787735,36073600,183.05667100000002,3.8971778358019407,181.39549971666668,195.03562214197348,167.75537729135988
2020-05-27,180.199997,181.990005,176.600006,181.809998,179.024048,39517100,180.13333633333332,3.1709925860168306,181.82099995000002,192.91947400105892,170.72252589894111
2020-05-28,180.740005,184.149994,180.380005,181.399994,178.620331,33810200,181.97666433333333,2.82062994656138,182.13666665,192.00887146296483,172.26446183703516
2020-05-29,182.729996,184.270004,180.410004,183.25,180.442001,42130400,182.64333599999998,2.6969172972790663,182.33816683333333,191.77737737381005,172.8989562928566
2020-06-01,182.539993,183.0,181.460007,182.830002,180.028412,22622400,182.43000300000003,2.2055995866344555,182.67266696666667,190.39226551988727,174.95306841344606
2020-06-02,184.25,185.0,181.350006,184.910004,182.076569,30794600,183.75333666666666,1.8013687549891682,182.99966715,189.30445779246207,176.6948765075379
2020-06-03,184.820007,185.940002,183.580002,185.360001,182.519653,27311000,184.96000166666667,1.8127165592179897,183.17583418333334,189.5203421405963,176.83132622607036
2020-06-04,184.300003,185.839996,182.300003,182.919998,180.117035,28761800,183.6866656666667,1.8137597479600878,183.22066755,189.56882666786032,176.87250843213968
2020-06-05,182.619995,187.729996,182.009995,187.199997,184.331467,39893600,185.64666266666666,1.8924953584651414,183.32416716666665,189.94790092129466,176.70043341203865
2020-06-08,185.940002,188.550003,184.440002,188.360001,185.473679,33211600,187.11666866666667,2.064781820211263,183.46266736666666,190.68940373740608,176.23593099592725
2020-06-09,188.0,190.699997,187.259995,189.800003,186.891632,29783900,189.25333166666667,2.3940493610991203,183.64033385,192.01950661384691,175.26116108615307
2020-06-10,191.130005,198.520004,191.009995,196.839996,193.82373,43872300,195.45666500000002,3.567452243482801,184.21566725,196.7017501021898,171.72958439781019
2020-06-11,193.130005,195.759995,186.070007,186.270004,183.41571,52854700,189.36666866666667,3.6072299023434184,184.67833408333334,197.3036387415353,172.05302942513137
2020-06-12,190.539993,191.720001,185.179993,187.740005,184.863205,43373600,188.213333,3.424586412608717,185.1406675,197.1267199441305,173.1546150558695
2020-06-15,184.580002,190.820007,184.009995,188.940002,186.0448,32770200,187.92333466666665,3.4149427719396583,185.41650086666667,197.36880056845547,173.46420116487786
2020-06-16,192.889999,195.580002,191.460007,193.570007,190.603867,42556700,193.53667199999998,3.8643689803301804,185.84216766666668,199.36745909782232,172.31687623551105
2020-06-17,195.029999,196.320007,193.690002,194.240005,191.263596,25687800,194.75000466666665,4.330400559752365,186.35100096666667,201.50740292579997,171.19459900753338
2020-06-18,194.0,196.490005,194.0,196.320007,193.311707,23061600,195.60333733333334,4.784815548275021,186.87366763333335,203.62052205229594,170.12681321437077
2020-06-19,198.589996,199.289993,194.369995,195.149994,192.159653,44441100,196.269994,5.183506640390045,187.46400093333332,205.60627417469848,169.32172769196816
2020-06-22,195.789993,200.759995,195.229996,200.570007,197.496582,32818900,198.85333266666666,5.67893119338755,188.23150098333332,208.10776016018974,168.3552418064769
2020-06-23,202.089996,203.949997,201.429993,201.910004,198.816055,30917400,202.42999799999998,6.361095125463857,189.20016733333333,211.46400027245681,166.93633439420984
2020-06-24,201.600006,203.25,196.559998,197.839996,194.808426,36740600,199.21666466666667,6.360739845005666,190.15433375,212.41692320751983,167.89174429248018
2020-06-25,197.800003,200.610001,195.470001,200.339996,197.270096,27803900,198.80666600000004,6.335145678597944,190.99583383333334,213.16884370842615,168.82282395824052
2020-06-26,199.729996,199.889999,194.880005,196.330002,193.321564,54675800,197.03333533333333,6.151084392536831,191.7153338,213.2441291738789,170.1865384261211
2020-06-29,195.779999,198.529999,193.550003,198.440002,195.399216,26701600,196.84000133333333,5.8424192517065885,192.43583371666665,212.8843010976397,171.9873663356936
2020-06-30,197.880005,204.399994,197.740005,203.509995,200.391541,34310300,201.88333133333333,5.830852661329385,193.34233345,213.75031776465286,172.93434913534716
2020-07-01,203.139999,206.350006,201.770004,204.699997,201.563293,32061200,204.27333566666667,5.967239916629044,194.30800015,215.19333985820165,173.42266044179834
2020-07-02,205.679993,208.020004,205.0,206.259995,203.099411,29315800,206.42666633333332,6.003266806146449,195.44500018333332,216.4564340048459,174.43356636182074
2020-07-06,208.830002,211.130005,208.089996,210.699997,207.471359,31897600,209.97333266666666,6.366940592091043,196.66133368333334,218.945625755652,174.37704161101468
2020-07-07,210.449997,214.669998,207.990005,208.25,205.058914,33600700,210.3033343333333,6.642539130001543,197.82066696666666,221.06955392167205,174.57178001166128
2020-07-08,210.070007,213.259995,208.690002,212.830002,209.568726,33600000,211.593333,6.995022697840821,198.93766703333333,223.4202464757762,174.45508759089046
2020-07-09,216.330002,216.380005,211.470001,214.320007,211.035904,33121700,214.05667100000002,7.70797742243592,199.86766733333332,226.84558831185905,172.88974635480758
2020-07-10,213.619995,214.080002,211.080002,213.669998,210.395859,26177600,212.94333400000002,7.819525262609866,201.0465006,228.41483901913455,173.67816218086546
2020-07-13,214.479996,215.800003,206.5,207.070007,203.897003,38135600,209.79000333333337,7.434753192320654,202.12533411666666,228.14697028978895,176.10369794354438
2020-07-14,206.130005,208.850006,202.029999,208.350006,205.157379,37591800,206.41000366666665,6.68781021443935,203.04966756666667,226.4570033172044,179.64233181612894
2020-07-15,209.559998,211.330002,205.029999,208.039993,204.852112,32179400,208.13333133333333,6.384614455982389,203.7795005333333,226.12565112927166,181.43334993739495
2020-07-16,205.399994,205.699997,202.309998,203.919998,200.795258,29940700,203.97666433333333,6.0208114893124325,204.24083351666667,225.3136737292602,183.16799330407315
2020-07-17,204.470001,205.039993,201.389999,202.880005,199.771194,31635300,203.10333233333333,5.678344463985756,204.61583326666667,224.4900388906168,184.74162764271654
2020-07-20,205.0,212.300003,203.009995,211.600006,208.357574,36884800,208.97000133333336,5.39916932381014,205.25083363333334,224.14792626666883,186.35374099999785
2020-07-21,213.660004,213.940002,208.029999,208.75,205.551254,37990400,210.2400003333333,5.288271601386566,205.82016701666666,224.32911762151963,187.3112164118137
2020-07-22,209.199997,212.300003,208.389999,211.75,208.50528,49605700,210.81333400000003,5.337429740733359,206.23933381666666,224.9203379092334,187.5583297240999
2020-07-23,207.190002,210.919998,202.149994,202.539993,199.436371,67457000,205.2033283333333,5.084746988407566,206.53866699999998,224.33528145942645,188.7420525405735
2020-07-24,200.419998,202.860001,197.509995,201.300003,198.215408,39827000,200.5566663333333,4.958171109337659,206.62616701666667,223.97976589934848,189.27256813398486
2020-07-27,201.470001,203.970001,200.860001,203.850006,200.726318,30160900,202.893336,4.514773302832986,206.91916705000003,222.7208736099155,191.11746049008457
2020-07-28,203.610001,204.699997,201.740005,202.020004,198.924377,23251400,202.82000200000002,3.9782694843224826,207.21816708333336,221.14211027846204,193.29422388820467
2020-07-29,202.5,204.649994,202.009995,204.059998,200.93309,19632600,203.57332899999997,3.875615409715828,207.30266696666666,220.86732090067207,193.73801303266126
2020-07-30,201.0,204.460007,199.570007,203.899994,200.775558,25079600,202.643336,3.9589151442138037,207.22116698333335,221.07736998808167,193.36496397858502
2020-07-31,204.399994,205.100006,199.009995,205.009995,201.868561,51044000,203.03999866666666,4.065675541574918,207.0518336,221.28169799551222,192.8219692044878
2020-08-03,211.520004,217.639999,210.440002,216.539993,213.221848,78983000,214.87333133333334,4.386011287258278,207.29683353333334,222.64787303873732,191.94579402792937
2020-08-04,214.169998,214.770004,210.309998,213.289993,210.021667,49280100,212.78999833333333,4.509238719704103,207.4211667333333,223.20350225229768,191.63883121436893
2020-08-05,214.899994,215.0,211.570007,212.940002,209.677063,28806400,213.17000299999998,4.598908883431965,207.5000002333333,223.59618132534519,191.40381914132143
2020-08-06,212.339996,216.369995,211.550003,216.350006,213.034805,32656800,214.756668,4.653770916869999,207.53500008333336,223.82319829237835,191.24680187428837
2020-08-07,214.850006,215.699997,210.929993,212.479996,209.224075,27820400,213.03666199999998,4.659522585510402,207.53966648333335,223.84799553261976,191.23133743404694
2020-08-10,211.669998,211.880005,206.350006,208.25,205.058914,36716500,208.82667033333334,4.6399740597094326,207.4914998333333,223.73140904231633,191.25159062435029
2020-08-11,207.160004,207.649994,203.139999,203.380005,200.263519,36446500,204.72333266666666,4.675854544875015,207.4071662833333,223.77265719039588,191.04167537627075
2020-08-12,205.289993,210.279999,204.75,209.190002,205.984512,28013100,208.07333366666668,4.675383362207422,207.40416639999998,223.76800816772595,191.040324632274
2020-08-13,209.440002,211.350006,208.149994,208.699997,205.502029,22588900,209.39999899999998,4.623110888690215,207.67533313333334,223.8562212437491,191.49444502291757
2020-08-14,208.759995,209.589996,207.509995,208.899994,205.698929,17958900,208.66666166666667,4.499251053322415,207.9534996,223.70087828662844,192.20612091337154
2020-08-17,209.600006,211.190002,208.919998,210.279999,207.0578,20184800,210.12999966666666,4.5204712011918735,208.01149951666667,223.83314872083824,192.1898503124951
2020-08-18,210.529999,212.360001,209.210007,211.490005,208.249252,21336200,211.02000433333333,4.544012849577124,208.05049971666668,223.95454469018662,192.14645474314673
2020-08-19,211.490005,212.100006,209.25,209.699997,206.985825,27627600,210.35000100000002,4.530346343021073,208.02733306666664,223.8835452672404,192.17112086609288
2020-08-20,209.539993,215.0,208.910004,214.580002,211.802658,26981500,212.830002,4.600566557531019,208.40866675,224.51064970135857,192.30668379864144
2020-08-21,213.860001,216.25,212.850006,213.020004,210.262863,36249300,214.04000333333332,4.371601312622007,209.08283360000001,224.38343819417705,193.78222900582298
2020-08-24,214.789993,215.520004,212.429993,213.690002,210.924194,25460100,213.87999966666666,4.241242652426001,209.63216678333333,224.47651606682433,194.78781749984233
2020-08-25,213.100006,216.610001,213.100006,216.470001,213.668198,23043700,215.393336,4.108115785358926,210.26083348333333,224.63923873208958,195.88242823457708
2020-08-26,217.880005,222.089996,217.360001,221.149994,218.287643,39600800,220.19999700000002,4.358280935666587,211.09216688333336,226.3461501581664,195.83818360850032
2020-08-27,222.889999,231.149994,219.399994,226.580002,223.647339,57602200,225.70999666666668,5.008373536459612,212.2454999166667,229.77480729427532,194.71619253905806
2020-08-28,228.179993,230.639999,226.580002,228.910004,225.947205,26292900,228.71000166666667,5.7582134292744485,213.5290000666667,233.68274706912726,193.37525306420613
2020-08-31,227.0,228.699997,224.309998,225.529999,222.610931,28774200,226.17999799999998,6.414752334077735,214.0943334,236.54596656927208,191.64270023072794
2020-09-01,225.509995,227.449997,224.429993,227.270004,224.328445,25725500,226.38333133333333,6.965747580616551,214.77400004999998,239.1541165821579,190.39388351784206
2020-09-02,227.970001,232.860001,227.350006,231.649994,228.651718,34080800,230.62000033333334,7.797465667485732,215.64649991666664,242.9376297528667,188.35537008046657
2020-09-03,229.270004,229.309998,214.960007,217.300003,214.487473,58400300,220.52333599999997,7.869120034498019,215.93483331666667,243.47675343740974,188.3929131959236
2020-09-04,215.100006,218.360001,205.190002,214.25,211.476944,59664100,212.60000100000002,7.878184830301675,215.91300026666667,243.48664717272254,188.3393533606108
2020-09-08,206.5,210.029999,202.199997,202.660004,200.036957,52924300,204.96333333333334,8.105173765388228,215.71983341666663,244.08794159552542,187.35172523780784
2020-09-09,207.600006,214.839996,206.699997,211.289993,208.555252,45679000,210.9433286666667,7.773573807071018,216.03083321666668,243.23834154141525,188.8233248919181
2020-09-10,213.399994,214.740005,204.110001,205.369995,202.711884,35461500,208.07333366666668,7.773573807071018,216.03083321666668,243.23834154141525,188.8233248919181
2020-09-11,207.199997,208.630005,201.240005,204.029999,201.389206,33620100,204.63333633333332,8.05552920308523,215.79250008333332,243.98685229413164,187.598147872535
2020-09-14,204.240005,209.199997,204.029999,205.410004,202.751373,30375800,206.21333333333334,8.18735027370281,215.66983366666665,244.3255596246265,187.0141077087068
2020-09-15,208.419998,209.779999,206.929993,208.779999,206.077728,21823900,208.49666366666668,8.253396759607934,215.58816686666665,244.4750555252944,186.7012782080389
2020-09-16,210.619995,210.649994,204.639999,205.050003,202.396027,26328100,206.77999866666664,8.429489086922935,215.37616658333332,244.87937838756358,185.87295477910305
2020-09-17,200.050003,204.330002,199.960007,202.910004,200.283722,34011300,202.40000433333333,8.85564869680052,214.97866675,245.97343718880182,183.98389631119818
2020-09-18,202.800003,203.649994,196.25,200.389999,197.796341,55225300,200.09666433333334,9.455653013428615,214.34199986666667,247.43678541366683,181.2472143196665
2020-09-21,197.190002,202.710007,196.380005,202.539993,199.918503,39839700,200.54333499999998,9.94718170001279,213.66716645000002,248.48230240004477,178.85203049995528
2020-09-22,205.059998,208.100006,202.080002,207.419998,204.735352,33517100,205.86666866666667,10.0983944677313,213.2664999,248.61088053705956,177.92211926294047
2020-09-23,207.899994,208.100006,200.029999,200.589996,197.993744,30803800,202.906667,10.343013676863968,212.64216645000002,248.8427143190239,176.44161858097613
2020-09-24,199.850006,205.570007,199.199997,203.190002,200.560089,31202500,202.65333533333333,10.412144690718451,211.7648333666667,248.20733978418127,175.3223269491521
2020-09-25,203.550003,209.039993,202.539993,207.820007,205.130173,29437300,206.46666433333334,9.93380752737109,210.80266675,245.5709930957988,176.03434040420117
2020-09-28,210.880005,212.570007,208.059998,209.440002,206.729202,32004900,210.02333566666667,8.995335769855084,209.86833345,241.3520086444928,178.3846582555072
2020-09-29,209.350006,210.070007,206.809998,207.259995,204.577393,24221900,208.04666666666665,8.137672080327258,208.96166688333332,237.44351916447872,180.47981460218793
2020-09-30,207.729996,211.979996,206.539993,210.330002,207.607697,33829100,209.61666366666668,7.037759071411231,208.1233335,232.7554902499393,183.4911767500607
2020-10-01,213.490005,213.990005,211.320007,212.460007,209.710129,27158400,212.59000633333335,4.804976124621328,207.2218338,224.03925023617467,190.40441736382536
2020-10-02,208.0,210.990005,205.539993,206.190002,203.521255,33154800,207.57333333333335,3.652515919468482,206.57433366666663,219.35813938480632,193.79052794852694
2020-10-05,207.220001,210.410004,206.979996,210.380005,207.657028,21331600,209.25666833333332,3.4320772985670462,206.40716703333334,218.419437578318,194.39489648834868
2020-10-06,208.820007,210.179993,204.820007,205.910004,203.244888,28554300,206.97000133333333,3.4169448338686745,206.50750043333332,218.46680735187368,194.54819351479296
2020-10-07,207.059998,210.110001,206.720001,209.830002,207.114151,25681100,208.88666800000001,3.30555434873269,206.40466740000002,217.97410762056444,194.8352271794356
2020-10-08,210.509995,211.190002,208.320007,210.580002,207.854462,19925800,210.03000366666666,3.3855287199501394,206.5025009,218.3518514198255,194.6531503801745
2020-10-09,211.229996,215.860001,211.229996,215.809998,213.016739,26458000,214.29999833333332,3.772541108512912,206.985834,220.1897278797952,193.7819401202048
2020-10-12,218.789993,223.860001,216.809998,221.399994,218.534393,40461400,220.6899976666667,4.851141568878698,207.70966721666667,224.6886627077421,190.73067172559124
2020-10-13,222.720001,225.210007,220.429993,222.860001,219.975494,28950800,222.83333366666668,5.915932253129962,208.42650071666668,229.13226360262155,187.7207378307118
2020-10-14,223.0,224.220001,219.130005,220.860001,218.001389,23421700,221.40333566666666,6.569314676733362,209.15766756666667,232.15026893523344,186.1650661980999
2020-10-15,217.100006,220.360001,216.009995,219.660004,216.81694,22733100,218.67666666666665,6.695091901306747,209.97150068333332,233.40432233790693,186.5386790287597
2020-10-16,220.149994,222.289993,219.320007,219.660004,216.81694,26057900,220.42333466666665,6.659898134616064,210.9878342,234.29747767115623,187.6781907288438
2020-10-19,220.419998,222.300003,213.720001,214.220001,211.447342,27625800,216.74666833333333,6.298202862248492,211.79800086666668,233.8417108845364,189.75429084879696
2020-10-20,215.800003,217.369995,213.089996,214.649994,211.87178,22753500,215.03666166666667,6.1762857605196535,212.25650051666668,233.87350067848547,190.63950035484788
2020-10-21,213.119995,216.919998,213.119995,214.800003,212.019821,22724900,214.9466653333333,5.791796067553638,212.85850043333335,233.12978666977108,192.58721419689562
2020-10-22,213.929993,216.059998,211.699997,214.889999,212.108673,22351500,214.21666466666667,5.273403066718026,213.4366669,231.8935776335131,194.9797561664869
2020-10-23,215.029999,216.279999,213.160004,216.229996,213.43132,18879600,215.223333,5.0217636650463,213.87450033333334,231.4506731609954,196.2983275056713
2020-10-26,213.850006,216.339996,208.100006,210.080002,207.360901,37111600,211.50666800000002,4.972605177488091,213.94866695000002,231.35278507120833,196.5445488287917
2020-10-27,211.589996,214.669998,210.330002,213.25,210.489883,36700300,212.75,4.786529182385745,214.18383361666665,230.93668575501675,197.43098147831654
2020-10-28,207.669998,208.839996,202.100006,202.679993,200.056686,51195600,204.53999833333333,5.161406691862864,213.93000035,231.99492377152004,195.86507692847997
2020-10-29,204.070007,207.360001,203.369995,204.720001,202.070282,31432600,205.14999899999998,5.518807155739695,213.55799998333333,232.87382502842226,194.2421749382444
2020-10-30,203.5,204.289993,199.619995,202.470001,199.849411,36953700,202.126663,5.947415783132131,213.28566646666667,234.10162170762914,192.4697112257042
2020-11-02,204.289993,205.279999,200.119995,202.330002,199.711227,30842200,202.57666533333335,6.358922834812381,212.95166631666666,235.20789623851,190.69543639482333
2020-11-03,203.889999,208.119995,203.119995,206.429993,203.758133,27512000,205.88999433333333,6.416716110590103,212.8976659666667,235.35617235373206,190.43915957960132
2020-11-04,214.020004,218.320007,212.419998,216.389999,213.589249,42311800,215.71000133333334,6.373480825681778,213.23883263333332,235.54601552321952,190.9316497434471
2020-11-05,222.039993,224.119995,221.149994,223.289993,220.399918,36080100,222.85332733333334,6.671715404670081,213.87999881666664,237.23100273301193,190.52899490032135
2020-11-06,222.259995,224.360001,218.029999,223.720001,220.824387,25231900,222.036667,6.917125873067883,214.26683225000002,238.47677280573762,190.05689169426242
2020-11-09,224.440002,228.119995,217.880005,218.389999,215.563339,44395000,221.463333,6.956967893798182,214.3054990166667,238.65488664496033,189.95611138837305
2020-11-10,214.5,216.5,209.720001,211.009995,208.278854,44045100,212.40999866666667,6.668959144560165,213.78433226666667,237.12568927262726,190.44297526070608
2020-11-11,212.389999,218.039993,212.199997,216.550003,213.747192,29440800,215.59666433333334,6.442354785555523,213.49399870000002,236.04224044944436,190.94575695055568
2020-11-12,217.210007,219.110001,214.460007,215.440002,212.65155,21593900,216.33667,6.3640508537928335,213.37699886666664,235.65117685494155,191.10282087839173
2020-11-13,216.360001,217.419998,214.160004,216.509995,213.707703,18621100,216.02999899999998,6.181228858026415,213.15733208333336,234.7916330864258,191.5230310802409
2020-11-16,214.869995,217.740005,214.520004,217.229996,214.418365,24953300,216.49666833333333,6.17383664978215,213.14483208333337,234.7532603575709,191.53640380909584
2020-11-17,216.100006,217.679993,214.080002,214.460007,211.684219,24154100,215.40666733333333,6.180354933180879,213.16333236666665,234.79457463279974,191.53209010053357
2020-11-18,213.649994,215.169998,210.929993,211.080002,208.893433,28372800,212.393331,6.167937489979307,213.03566565,234.6234468649276,191.4478844350724
2020-11-19,211.380005,213.029999,209.929993,212.419998,210.219559,24792700,211.79333,6.167318859457205,212.91449891666667,234.50011492476688,191.32888290856647
2020-11-20,212.199997,213.289993,210.0,210.389999,208.210587,22843100,211.226664,6.153304717992453,212.71466546666664,234.25123197964024,191.17809895369305
2020-11-23,210.949997,212.289993,208.160004,210.110001,207.933502,25683500,210.18666599999997,6.173987976975362,212.64866536666668,234.25762328608045,191.0397074472529
2020-11-24,209.589996,214.25,208.860001,213.860001,211.644638,33979700,212.32333400000002,6.1743565309454125,212.62733206666667,234.23757992497562,191.01708420835772
2020-11-25,215.110001,215.289993,212.460007,213.869995,211.654541,21012900,213.87333166666667,5.876460111444935,213.0939987333333,233.66160912339058,192.52638834327604
2020-11-27,214.850006,216.270004,214.039993,215.229996,213.000458,14512200,215.17999766666665,5.583514746252012,213.59549866666666,233.1378002785487,194.05319705478462
2020-11-30,214.100006,214.759995,210.839996,214.070007,211.852463,33064800,213.2233326666667,4.892446452971358,214.15033215,231.27389473539975,197.02676956460024
2020-12-01,214.509995,217.320007,213.350006,216.210007,213.970306,30904500,215.62667333333334,4.068488002317538,214.80283255,229.0425405581114,200.5631245418886
2020-12-02,214.880005,215.470001,212.800003,215.369995,213.138992,23724500,214.54666633333332,3.4896790338257437,215.23566615,227.44954276839007,203.0217895316099
2020-12-03,214.610001,216.380005,213.649994,214.240005,212.020721,25120900,214.756668,3.489369861395354,215.18799948333336,227.4007939982171,202.97520496844962
2020-12-04,214.220001,215.380005,213.179993,214.360001,212.13945,24666000,214.3066663333333,2.988623736451382,214.76066643333334,225.22084951091318,204.3004833557535
2020-12-07,214.369995,215.539993,212.990005,214.289993,212.07019,24620000,214.27333033333332,2.4493759392285663,214.3724996,222.94531538729998,205.7996838127
2020-12-08,213.970001,216.949997,212.889999,216.009995,213.772354,23284100,215.28333033333334,1.8155683467399453,214.06349946666668,220.41798868025649,207.70901025307688
2020-12-09,215.160004,215.229996,211.210007,211.800003,209.605988,32440600,212.74666866666666,1.8009323774934385,214.08033296666667,220.3835962878937,207.77706964543964
2020-12-10,211.770004,213.080002,210.360001,210.520004,208.339249,26733300,211.32000233333335,1.864198199825929,213.86649986666666,220.3911935660574,207.3418061672759
2020-12-11,210.050003,213.320007,209.110001,213.259995,211.050858,30979400,211.89666766666667,1.8183607569948308,213.64449974999997,220.00876239948187,207.28023710051806
2020-12-14,213.100006,216.210007,212.880005,214.199997,211.981125,28798400,214.43000300000003,1.7414556877117389,213.56449994999997,219.65959485699105,207.4694050430089
2020-12-15,215.169998,215.419998,212.240005,214.130005,211.91185,27000600,213.93000266666664,1.6030773450240536,213.43616666666668,219.04693737425086,207.8253959590825
2020-12-16,214.75,220.110001,214.720001,219.279999,217.008499,35023300,218.036667,1.8604352636694204,213.56766665,220.07919007284298,207.05614322715704
2020-12-17,219.869995,220.889999,217.919998,219.419998,217.147034,32515800,219.4099983333333,2.2484528281941496,213.91850001666666,221.7880849153462,206.04891511798712
2020-12-18,218.589996,219.690002,216.020004,218.589996,216.325653,63354900,218.10000066666666,2.3734846426940885,214.23383355,222.54102979942934,205.9266373005707
2020-12-21,217.550003,224.0,217.279999,222.589996,220.28421,37181900,221.28999833333333,2.740706934205759,214.73700026666666,224.3294745363868,205.1445259969465
2020-12-22,222.690002,225.630005,221.850006,223.940002,221.620224,22612200,223.80667100000002,3.2035849487027397,215.4180005166667,226.63054783712627,204.20545319620712
2020-12-23,223.110001,223.559998,220.800003,221.020004,218.730469,18699600,221.79333499999998,3.4149829076056455,215.89150056666662,227.8439407432864,203.93906039004685
2020-12-24,221.419998,223.610001,221.199997,222.75,220.442566,10550600,222.51999933333332,3.682860758971106,216.32383394999997,229.21384660639885,203.43382129360108
2020-12-28,224.449997,226.029999,223.020004,224.960007,222.629669,17933500,224.6700033333333,4.113859601421577,216.79833423333335,231.19684283830887,202.39982562835783
2020-12-29,226.309998,227.179993,223.580002,224.149994,221.828033,17403200,224.96999633333334,4.404837027237767,217.38566741666668,232.80259701199887,201.96873782133449
2020-12-30,225.229996,225.630005,221.470001,221.679993,219.383621,20272300,222.92666633333332,4.551421463404616,217.7506670666666,233.68064218858277,201.82069194475045
2020-12-31,221.699997,223.0,219.679993,222.419998,220.115967,20942100,221.69999700000002,4.567426942664926,218.1083336,234.09432789932725,202.12233930067276
